﻿Chemical,Salinity,Concentration,Start_date,End_date,Replicate,Initial,Final,Treatment
Cyfluthrin,0.5,0,10/16/20,10/20/20,A,19,18,CTL
Cyfluthrin,0.5,0,10/16/20,10/20/20,B,20,20,CTL
Cyfluthrin,0.5,0,10/16/20,10/20/20,C,20,18,CTL
Cyfluthrin,0.5,0,10/16/20,10/20/20,D,20,17,CTL
Cyfluthrin,0.5,0.1,10/16/20,10/20/20,A,19,17,LC
Cyfluthrin,0.5,0.1,10/16/20,10/20/20,B,19,17,LC
Cyfluthrin,0.5,0.1,10/16/20,10/20/20,C,19,15,LC
Cyfluthrin,0.5,0.1,10/16/20,10/20/20,D,20,16,LC
Cyfluthrin,0.5,1,10/16/20,10/20/20,A,20,18,MC
Cyfluthrin,0.5,1,10/16/20,10/20/20,B,20,17,MC
Cyfluthrin,0.5,1,10/16/20,10/20/20,C,20,16,MC
Cyfluthrin,0.5,1,10/16/20,10/20/20,D,20,15,MC
Cyfluthrin,0.5,10,10/16/20,10/20/20,A,20,19,HC
Cyfluthrin,0.5,10,10/16/20,10/20/20,B,19,15,HC
Cyfluthrin,0.5,10,10/16/20,10/20/20,C,20,16,HC
Cyfluthrin,0.5,10,10/16/20,10/20/20,D,20,14,HC
Cyfluthrin,2,0,10/16/20,10/20/20,A,20,18,CTL
Cyfluthrin,2,0,10/16/20,10/20/20,B,20,19,CTL
Cyfluthrin,2,0,10/16/20,10/20/20,C,19,18,CTL
Cyfluthrin,2,0,10/16/20,10/20/20,D,20,18,CTL
Cyfluthrin,2,0.1,10/16/20,10/20/20,A,20,20,LC
Cyfluthrin,2,0.1,10/16/20,10/20/20,B,20,19,LC
Cyfluthrin,2,0.1,10/16/20,10/20/20,C,20,17,LC
Cyfluthrin,2,0.1,10/16/20,10/20/20,D,20,16,LC
Cyfluthrin,2,1,10/16/20,10/20/20,A,20,18,MC
Cyfluthrin,2,1,10/16/20,10/20/20,B,19,16,MC
Cyfluthrin,2,1,10/16/20,10/20/20,C,20,18,MC
Cyfluthrin,2,1,10/16/20,10/20/20,D,20,18,MC
Cyfluthrin,2,10,10/16/20,10/20/20,A,20,18,HC
Cyfluthrin,2,10,10/16/20,10/20/20,B,20,18,HC
Cyfluthrin,2,10,10/16/20,10/20/20,C,20,20,HC
Cyfluthrin,2,10,10/16/20,10/20/20,D,20,18,HC
Cyfluthrin,6,0,10/16/20,10/20/20,A,20,19,CTL
Cyfluthrin,6,0,10/16/20,10/20/20,B,20,20,CTL
Cyfluthrin,6,0,10/16/20,10/20/20,C,20,19,CTL
Cyfluthrin,6,0,10/16/20,10/20/20,D,18,16,CTL
Cyfluthrin,6,0.1,10/16/20,10/20/20,A,20,19,LC
Cyfluthrin,6,0.1,10/16/20,10/20/20,B,20,18,LC
Cyfluthrin,6,0.1,10/16/20,10/20/20,C,20,18,LC
Cyfluthrin,6,0.1,10/16/20,10/20/20,D,20,18,LC
Cyfluthrin,6,1,10/16/20,10/20/20,A,19,18,MC
Cyfluthrin,6,1,10/16/20,10/20/20,B,20,18,MC
Cyfluthrin,6,1,10/16/20,10/20/20,C,20,20,MC
Cyfluthrin,6,1,10/16/20,10/20/20,D,19,18,MC
Cyfluthrin,6,10,10/16/20,10/20/20,A,20,19,HC
Cyfluthrin,6,10,10/16/20,10/20/20,B,19,19,HC
Cyfluthrin,6,10,10/16/20,10/20/20,C,20,18,HC
Cyfluthrin,6,10,10/16/20,10/20/20,D,20,20,HC
Bifenthrin,0.5,0,10/2/20,10/6/20,A,20,17,CTL
Bifenthrin,0.5,0,10/3/20,10/7/20,B,20,18,CTL
Bifenthrin,0.5,0,10/2/20,10/6/20,C,20,18,CTL
Bifenthrin,0.5,0,10/3/20,10/7/20,D,20,19,CTL
Bifenthrin,0.5,0.1,10/2/20,10/6/20,A,20,17,LC
Bifenthrin,0.5,0.1,10/3/20,10/7/20,B,20,16,LC
Bifenthrin,0.5,0.1,10/2/20,10/6/20,C,20,17,LC
Bifenthrin,0.5,0.1,10/3/20,10/7/20,D,20,17,LC
Bifenthrin,0.5,1,10/2/20,10/6/20,A,20,18,MC
Bifenthrin,0.5,1,10/3/20,10/7/20,B,19,17,MC
Bifenthrin,0.5,1,10/2/20,10/6/20,C,20,20,MC
Bifenthrin,0.5,1,10/3/20,10/7/20,D,20,16,MC
Bifenthrin,0.5,10,10/2/20,10/6/20,A,19,16,HC
Bifenthrin,0.5,10,10/3/20,10/7/20,B,20,17,HC
Bifenthrin,0.5,10,10/2/20,10/6/20,C,20,20,HC
Bifenthrin,0.5,10,10/3/20,10/7/20,D,20,18,HC
Bifenthrin,2,0,10/2/20,10/6/20,A,19,19,CTL
Bifenthrin,2,0,10/3/20,10/7/20,B,20,18,CTL
Bifenthrin,2,0,10/2/20,10/6/20,C,20,20,CTL
Bifenthrin,2,0,10/3/20,10/7/20,D,19,19,CTL
Bifenthrin,2,0.1,10/2/20,10/6/20,A,20,18,LC
Bifenthrin,2,0.1,10/3/20,10/7/20,B,20,20,LC
Bifenthrin,2,0.1,10/2/20,10/6/20,C,20,20,LC
Bifenthrin,2,0.1,10/3/20,10/7/20,D,20,20,LC
Bifenthrin,2,1,10/2/20,10/6/20,A,20,20,MC
Bifenthrin,2,1,10/3/20,10/7/20,B,19,20,MC
Bifenthrin,2,1,10/2/20,10/6/20,C,20,19,MC
Bifenthrin,2,1,10/3/20,10/7/20,D,20,19,MC
Bifenthrin,2,10,10/2/20,10/6/20,A,20,20,HC
Bifenthrin,2,10,10/3/20,10/7/20,B,20,19,HC
Bifenthrin,2,10,10/2/20,10/6/20,C,20,19,HC
Bifenthrin,2,10,10/3/20,10/7/20,D,20,18,HC
Bifenthrin,6,0,10/2/20,10/6/20,A,20,20,CTL
Bifenthrin,6,0,10/3/20,10/7/20,B,20,20,CTL
Bifenthrin,6,0,10/2/20,10/6/20,C,20,20,CTL
Bifenthrin,6,0,10/3/20,10/7/20,D,20,19,CTL
Bifenthrin,6,0.1,10/2/20,10/6/20,A,20,19,LC
Bifenthrin,6,0.1,10/3/20,10/7/20,B,20,20,LC
Bifenthrin,6,0.1,10/2/20,10/6/20,C,20,20,LC
Bifenthrin,6,0.1,10/3/20,10/7/20,D,20,20,LC
Bifenthrin,6,1,10/2/20,10/6/20,A,20,20,MC
Bifenthrin,6,1,10/3/20,10/7/20,B,20,20,MC
Bifenthrin,6,1,10/2/20,10/6/20,C,20,20,MC
Bifenthrin,6,1,10/3/20,10/7/20,D,19,20,MC
Bifenthrin,6,10,10/2/20,10/6/20,A,20,18,HC
Bifenthrin,6,10,10/3/20,10/7/20,B,19,20,HC
Bifenthrin,6,10,10/2/20,10/6/20,C,20,20,HC
Bifenthrin,6,10,10/3/20,10/7/20,D,20,19,HC
Cyhalothrin,0.5,0,10/24/20,10/28/20,A,19,17,CTL
Cyhalothrin,0.5,0,10/25/20,10/29/20,B,16,13,CTL
Cyhalothrin,0.5,0,10/24/20,10/28/20,C,20,17,CTL
Cyhalothrin,0.5,0,10/25/20,10/29/20,D,17,15,CTL
Cyhalothrin,0.5,0.1,10/24/20,10/28/20,A,20,20,LC
Cyhalothrin,0.5,0.1,10/25/20,10/29/20,B,16,15,LC
Cyhalothrin,0.5,0.1,10/25/20,10/29/20,C,17,10,LC
Cyhalothrin,0.5,0.1,10/25/20,10/29/20,D,17,17,LC
Cyhalothrin,0.5,1,10/25/20,10/29/20,A,16,15,MC
Cyhalothrin,0.5,1,10/25/20,10/29/20,B,16,15,MC
Cyhalothrin,0.5,1,10/24/20,10/28/20,C,20,18,MC
Cyhalothrin,0.5,1,10/25/20,10/29/20,D,17,13,MC
Cyhalothrin,0.5,10,10/24/20,10/28/20,A,20,19,HC
Cyhalothrin,0.5,10,10/25/20,10/29/20,B,16,14,HC
Cyhalothrin,0.5,10,10/25/20,10/29/20,C,17,15,HC
Cyhalothrin,0.5,10,10/25/20,10/29/20,D,16,10,HC
Cyhalothrin,2,0,10/24/20,10/28/20,A,20,19,CTL
Cyhalothrin,2,0,10/25/20,10/29/20,B,17,17,CTL
Cyhalothrin,2,0,10/25/20,10/29/20,C,16,16,CTL
Cyhalothrin,2,0,10/25/20,10/29/20,D,16,15,CTL
Cyhalothrin,2,0.1,10/24/20,10/28/20,A,20,19,LC
Cyhalothrin,2,0.1,10/25/20,10/29/20,B,17,15,LC
Cyhalothrin,2,0.1,10/25/20,10/29/20,C,17,17,LC
Cyhalothrin,2,0.1,10/25/20,10/29/20,D,16,16,LC
Cyhalothrin,2,1,10/24/20,10/28/20,A,19,19,MC
Cyhalothrin,2,1,10/25/20,10/29/20,B,17,17,MC
Cyhalothrin,2,1,10/25/20,10/29/20,C,17,17,MC
Cyhalothrin,2,1,10/25/20,10/29/20,D,16,16,MC
Cyhalothrin,2,10,10/25/20,10/29/20,A,16,15,HC
Cyhalothrin,2,10,10/25/20,10/29/20,B,16,14,HC
Cyhalothrin,2,10,10/24/20,10/28/20,C,20,19,HC
Cyhalothrin,2,10,10/25/20,10/29/20,D,17,17,HC
Cyhalothrin,6,0,10/24/20,10/28/20,A,19,18,CTL
Cyhalothrin,6,0,10/25/20,10/29/20,B,17,17,CTL
Cyhalothrin,6,0,10/25/20,10/29/20,C,16,16,CTL
Cyhalothrin,6,0,10/25/20,10/29/20,D,17,16,CTL
Cyhalothrin,6,0.1,10/24/20,10/28/20,A,20,19,LC
Cyhalothrin,6,0.1,10/25/20,10/29/20,B,17,16,LC
Cyhalothrin,6,0.1,10/25/20,10/29/20,C,17,15,LC
Cyhalothrin,6,0.1,10/25/20,10/29/20,D,16,14,LC
Cyhalothrin,6,1,10/25/20,10/29/20,A,16,15,MC
Cyhalothrin,6,1,10/25/20,10/29/20,B,17,17,MC
Cyhalothrin,6,1,10/24/20,10/28/20,C,20,19,MC
Cyhalothrin,6,1,10/25/20,10/29/20,D,16,14,MC
Cyhalothrin,6,10,10/25/20,10/29/20,A,17,17,HC
Cyhalothrin,6,10,10/25/20,10/29/20,B,17,14,HC
Cyhalothrin,6,10,10/24/20,10/28/20,C,20,20,HC
Cyhalothrin,6,10,10/25/20,10/29/20,D,16,14,HC
Cypermethrin,0.5,0,1/24/21,1/28/21,A,18,16,CTL
Cypermethrin,0.5,0,1/25/21,1/29/21,B,18,12,CTL
Cypermethrin,0.5,0,1/24/21,1/28/21,C,20,17,CTL
Cypermethrin,0.5,0,1/25/21,1/29/21,D,19,13,CTL
Cypermethrin,0.5,1,1/24/21,1/28/21,A,20,20,LC
Cypermethrin,0.5,1,1/25/21,1/29/21,B,18,16,LC
Cypermethrin,0.5,1,1/24/21,1/28/21,C,19,15,LC
Cypermethrin,0.5,1,1/25/21,1/29/21,D,18,12,LC
Cypermethrin,0.5,10,1/24/21,1/28/21,A,19,16,MC
Cypermethrin,0.5,10,1/25/21,1/29/21,B,18,17,MC
Cypermethrin,0.5,10,1/24/21,1/28/21,C,20,18,MC
Cypermethrin,0.5,10,1/25/21,1/29/21,D,18,14,MC
Cypermethrin,0.5,100,1/24/21,1/28/21,A,19,18,HC
Cypermethrin,0.5,100,1/25/21,1/29/21,B,19,14,HC
Cypermethrin,0.5,100,1/24/21,1/28/21,C,20,18,HC
Cypermethrin,0.5,100,1/25/21,1/29/21,D,18,11,HC
Cypermethrin,2,0,1/24/21,1/28/21,A,20,18,CTL
Cypermethrin,2,0,1/25/21,1/29/21,B,17,17,CTL
Cypermethrin,2,0,1/24/21,1/28/21,C,20,20,CTL
Cypermethrin,2,0,1/25/21,1/29/21,D,18,18,CTL
Cypermethrin,2,1,1/24/21,1/28/21,A,20,20,LC
Cypermethrin,2,1,1/25/21,1/29/21,B,17,17,LC
Cypermethrin,2,1,1/24/21,1/28/21,C,20,20,LC
Cypermethrin,2,1,1/25/21,1/29/21,D,18,18,LC
Cypermethrin,2,10,1/24/21,1/28/21,A,20,20,MC
Cypermethrin,2,10,1/25/21,1/29/21,B,18,18,MC
Cypermethrin,2,10,1/24/21,1/28/21,C,20,19,MC
Cypermethrin,2,10,1/25/21,1/29/21,D,18,18,MC
Cypermethrin,2,100,1/24/21,1/28/21,A,20,19,HC
Cypermethrin,2,100,1/25/21,1/29/21,B,18,16,HC
Cypermethrin,2,100,1/24/21,1/28/21,C,20,17,HC
Cypermethrin,2,100,1/25/21,1/29/21,D,18,16,HC
Cypermethrin,6,0,1/24/21,1/28/21,A,19,18,CTL
Cypermethrin,6,0,1/25/21,1/29/21,B,18,18,CTL
Cypermethrin,6,0,1/24/21,1/28/21,C,19,18,CTL
Cypermethrin,6,0,1/25/21,1/29/21,D,18,18,CTL
Cypermethrin,6,1,1/24/21,1/28/21,A,20,20,LC
Cypermethrin,6,1,1/25/21,1/29/21,B,18,16,LC
Cypermethrin,6,1,1/24/21,1/28/21,C,20,19,LC
Cypermethrin,6,1,1/25/21,1/29/21,D,18,16,LC
Cypermethrin,6,10,1/24/21,1/28/21,A,20,20,MC
Cypermethrin,6,10,1/25/21,1/29/21,B,18,16,MC
Cypermethrin,6,10,1/24/21,1/28/21,C,20,19,MC
Cypermethrin,6,10,1/25/21,1/29/21,D,17,17,MC
Cypermethrin,6,100,1/24/21,1/28/21,A,19,19,HC
Cypermethrin,6,100,1/25/21,1/29/21,B,17,17,HC
Cypermethrin,6,100,1/24/21,1/28/21,C,20,19,HC
Cypermethrin,6,100,1/25/21,1/29/21,D,18,18,HC
Permethrin,0.5,0,11/7/20,11/11/20,A,20,19,CTL
Permethrin,0.5,0,11/8/20,11/12/20,B,20,19,CTL
Permethrin,0.5,0,11/7/20,11/11/20,C,20,17,CTL
Permethrin,0.5,0,11/9/20,11/13/20,D,20,20,CTL
Permethrin,0.5,0,12/23/20,12/27/20,A,20,19,CTL
Permethrin,0.5,0,12/23/20,12/27/20,B,20,20,CTL
Permethrin,0.5,0,12/23/20,12/27/20,C,20,20,CTL
Permethrin,0.5,0,12/23/20,12/27/20,D,20,19,CTL
Permethrin,0.5,1,11/7/20,11/11/20,A,20,17,LC
Permethrin,0.5,1,11/8/20,11/12/20,B,20,19,LC
Permethrin,0.5,1,11/7/20,11/11/20,C,20,16,LC
Permethrin,0.5,1,11/9/20,11/13/20,D,20,19,LC
Permethrin,0.5,10,11/7/20,11/11/20,A,20,19,MC
Permethrin,0.5,10,11/8/20,11/12/20,B,20,20,MC
Permethrin,0.5,10,11/7/20,11/11/20,C,20,19,MC
Permethrin,0.5,10,11/9/20,11/13/20,D,19,18,MC
Permethrin,0.5,100,12/23/20,12/27/20,A,20,18,HC
Permethrin,0.5,100,12/23/20,12/27/20,B,20,19,HC
Permethrin,0.5,100,12/23/20,12/27/20,C,20,18,HC
Permethrin,0.5,100,12/23/20,12/27/20,D,19,18,HC
Permethrin,2,0,12/23/20,12/27/20,A,20,19,CTL
Permethrin,2,0,12/23/20,12/27/20,B,20,20,CTL
Permethrin,2,0,12/23/20,12/27/20,C,19,19,CTL
Permethrin,2,0,12/23/20,12/27/20,D,20,19,CTL
Permethrin,2,0,11/7/20,11/11/20,A,20,20,CTL
Permethrin,2,0,11/8/20,11/12/20,B,20,19,CTL
Permethrin,2,0,11/7/20,11/11/20,C,20,20,CTL
Permethrin,2,0,11/9/20,11/13/20,D,20,20,CTL
Permethrin,2,1,11/7/20,11/11/20,A,20,19,LC
Permethrin,2,1,11/8/20,11/12/20,B,19,19,LC
Permethrin,2,1,11/7/20,11/11/20,C,20,20,LC
Permethrin,2,1,11/9/20,11/13/20,D,20,19,LC
Permethrin,2,10,11/7/20,11/11/20,A,20,20,MC
Permethrin,2,10,11/9/20,11/13/20,B,20,18,MC
Permethrin,2,10,11/7/20,11/11/20,C,20,19,MC
Permethrin,2,10,11/9/20,11/13/20,D,20,19,MC
Permethrin,2,100,12/23/20,12/27/20,A,19,19,HC
Permethrin,2,100,12/23/20,12/27/20,B,20,18,HC
Permethrin,2,100,12/23/20,12/27/20,C,20,20,HC
Permethrin,2,100,12/23/20,12/27/20,D,20,20,HC
Permethrin,6,0,11/7/20,11/11/20,A,20,20,CTL
Permethrin,6,0,11/9/20,11/13/20,B,20,20,CTL
Permethrin,6,0,11/7/20,11/11/20,C,20,17,CTL
Permethrin,6,0,11/9/20,11/13/20,D,20,18,CTL
Permethrin,6,0,12/23/20,12/27/20,A,19,18,CTL
Permethrin,6,0,12/23/20,12/27/20,B,20,19,CTL
Permethrin,6,0,12/23/20,12/27/20,C,20,19,CTL
Permethrin,6,0,12/23/20,12/27/20,D,20,20,CTL
Permethrin,6,1,11/7/20,11/11/20,A,20,19,LC
Permethrin,6,1,11/9/20,11/13/20,B,20,20,LC
Permethrin,6,1,11/7/20,11/11/20,C,20,17,LC
Permethrin,6,1,11/9/20,11/13/20,D,20,20,LC
Permethrin,6,10,11/7/20,11/11/20,A,20,19,MC
Permethrin,6,10,11/8/20,11/12/20,B,20,18,MC
Permethrin,6,10,11/7/20,11/11/20,C,20,19,MC
Permethrin,6,10,11/9/20,11/13/20,D,20,17,MC
Permethrin,6,100,12/23/20,12/27/20,A,20,20,HC
Permethrin,6,100,12/23/20,12/27/20,B,20,20,HC
Permethrin,6,100,12/23/20,12/27/20,C,20,20,HC
Permethrin,6,100,12/23/20,12/27/20,D,20,20,HC
Esfenvalerate,0.5,0,3/16/21,3/20/21,A,16,13,CTL
Esfenvalerate,0.5,0,3/16/21,3/20/21,B,16,16,CTL
Esfenvalerate,0.5,0,3/16/21,3/20/21,C,16,15,CTL
Esfenvalerate,0.5,0,3/16/21,3/20/21,D,16,15,CTL
Esfenvalerate,0.5,0,3/21/21,3/25/21,A,16,14,CTL
Esfenvalerate,0.5,0,3/21/21,3/25/21,B,16,15,CTL
Esfenvalerate,0.5,0,3/21/21,3/25/21,C,16,15,CTL
Esfenvalerate,0.5,1,3/21/21,3/25/21,A,16,15,LC
Esfenvalerate,0.5,1,3/21/21,3/25/21,B,16,15,LC
Esfenvalerate,0.5,1,3/22/21,3/26/21,C,16,15,LC
Esfenvalerate,0.5,1,3/21/21,3/25/21,D,16,12,LC
Esfenvalerate,0.5,10,3/16/21,3/20/21,A,16,16,MC
Esfenvalerate,0.5,10,3/16/21,3/20/21,B,16,16,MC
Esfenvalerate,0.5,10,3/16/21,3/20/21,C,16,16,MC
Esfenvalerate,0.5,10,3/16/21,3/20/21,D,16,14,MC
Esfenvalerate,0.5,100,3/16/21,3/20/21,A,16,15,HC
Esfenvalerate,0.5,100,3/16/21,3/20/21,B,16,15,HC
Esfenvalerate,0.5,100,3/16/21,3/20/21,C,16,16,HC
Esfenvalerate,0.5,100,3/16/21,3/20/21,D,16,15,HC
Esfenvalerate,2,0,3/16/21,3/20/21,A,16,15,CTL
Esfenvalerate,2,0,3/16/21,3/20/21,B,16,14,CTL
Esfenvalerate,2,0,3/16/21,3/20/21,C,16,15,CTL
Esfenvalerate,2,0,3/16/21,3/20/21,D,16,15,CTL
Esfenvalerate,2,0,3/21/21,3/25/21,A,16,15,CTL
Esfenvalerate,2,0,3/21/21,3/25/21,B,16,14,CTL
Esfenvalerate,2,0,3/21/21,3/25/21,C,16,15,CTL
Esfenvalerate,2,1,3/22/21,3/26/21,A,15,13,LC
Esfenvalerate,2,1,3/21/21,3/25/21,B,16,16,LC
Esfenvalerate,2,1,3/21/21,3/25/21,C,16,15,LC
Esfenvalerate,2,1,3/21/21,3/25/21,D,16,15,LC
Esfenvalerate,2,10,3/16/21,3/20/21,A,16,13,MC
Esfenvalerate,2,10,3/16/21,3/20/21,B,16,15,MC
Esfenvalerate,2,10,3/16/21,3/20/21,C,16,16,MC
Esfenvalerate,2,10,3/16/21,3/20/21,D,16,16,MC
Esfenvalerate,2,100,3/16/21,3/20/21,A,16,16,HC
Esfenvalerate,2,100,3/16/21,3/20/21,B,16,14,HC
Esfenvalerate,2,100,3/16/21,3/20/21,C,16,16,HC
Esfenvalerate,2,100,3/16/21,3/20/21,D,16,16,HC
Esfenvalerate,6,0,3/16/21,3/20/21,A,16,16,CTL
Esfenvalerate,6,0,3/16/21,3/20/21,B,16,15,CTL
Esfenvalerate,6,0,3/16/21,3/20/21,C,16,15,CTL
Esfenvalerate,6,0,3/16/21,3/20/21,D,16,16,CTL
Esfenvalerate,6,0,3/21/21,3/25/21,A,16,14,CTL
Esfenvalerate,6,0,3/21/21,3/25/21,B,16,14,CTL
Esfenvalerate,6,0,3/21/21,3/25/21,C,16,16,CTL
Esfenvalerate,6,1,3/22/21,3/26/21,A,16,16,LC
Esfenvalerate,6,1,3/21/21,3/25/21,B,16,15,LC
Esfenvalerate,6,1,3/21/21,3/25/21,C,16,16,LC
Esfenvalerate,6,1,3/21/21,3/25/21,D,16,16,LC
Esfenvalerate,6,10,3/22/21,3/26/21,A,16,15,MC
Esfenvalerate,6,10,3/21/21,3/25/21,B,16,15,MC
Esfenvalerate,6,10,3/21/21,3/25/21,C,16,15,MC
Esfenvalerate,6,10,3/21/21,3/25/21,D,16,16,MC
Esfenvalerate,6,100,3/16/21,3/20/21,A,16,15,HC
Esfenvalerate,6,100,3/16/21,3/20/21,B,16,15,HC
Esfenvalerate,6,100,3/16/21,3/20/21,C,16,16,HC
Esfenvalerate,6,100,3/16/21,3/20/21,D,16,15,HC